347591	talkha
6269121	гражданка
709930	дніпропетровськ
709930	днепропетровск
627904	дно
709717	донецьк,україна
565381	домодедово
616635	гюмри
3657509	гуаякиль
558146	губкин
707898	гуляйполе
566854	дедовск
690411	васильків
3169561	вена
3923057	боливия
3399415	tale
711348	буча
571557	бронницы
3203521	брчко
3580718	ケイマン諸島
471656	воскресенск
3187047	вуковар
725683	вълчедръм
725712	враца
689487	вишнёвое
784351	владимирово
620127	витебск
593116	вильнюс
5755890	talent,or
1255121	taliparamba
472231	волжский,россия
472459	вологда
3696183	кито
618426	кишинёв
373141	ugl
733191	ugr
627272	кировск
5173623	tallmad
119208	ком
1502603	копейск
546230	коломна
4343103	tallulah,la
3465038	uiam
552951	карабулак
548605	кинешма
2542997	uex
4566966	uer
2995543	uefa
5341145	купертино
543878	кострома
554233	королев
704403	краснодон
4038647	talo'fo'fo
687116	жмеринка
3667983	ехо
878675	зимбабве
5820705	キャス
541947	знаменск
463828	зеленоград
160263	ес
564487	дубровка
2655524	екб
616052	ереван
1486209	екат
3388368	uis
3014208	uipr
2300660	ガーナ共和国
10630003	ujc
1138958	кабул
1504826	каменск-уральский
2122104	камчатка
553287	камышин
1735158	tallin
4092853	tallassee,al
554770	изобильный
1643084	индонезия
130758	иран
248816	иордания
3870306	talaga
